{
    "vbcs.dt.version": "20240312-24.07.0",
    "dependencies": {
        "upgrade": "micro",
        "paths": {
            "jet": "https://static.oracle.com/cdn/jet/16.0.2",
            "telemetry": "https://static.oracle.com/cdn/trace/8.1.1",
            "oracleImageGallery": "https://static.oracle.com/cdn/fnd/gallery/2407.0.2",
            "visualRuntime": "https://static.oracle.com/cdn/vb/2407.0.0"
        }
    },
    "source.version": "2407",
    "rootURL": "MyVbcsApp",
    "version": "0.1"
}