{
    "fields": [
        {
            "type": "number",
            "name": "id",
            "internal": false,
            "key": true,
            "oid": "6236cf33-f762-4c63-a04c-f040bab82a7e",
            "required": true,
            "unique": true,
            "displayLabel": "Id"
        },
        {
            "type": "datetime",
            "name": "creationDate",
            "internal": false,
            "oid": "fcf17fc0-e862-43ca-a1c8-a75b730846ab",
            "displayLabel": "Created",
            "historyType": "timeCreated"
        },
        {
            "type": "datetime",
            "name": "lastUpdateDate",
            "internal": false,
            "oid": "db6ee99e-5bbb-439b-9cb7-95eb970be0bb",
            "displayLabel": "Last Updated",
            "historyType": "timeUpdated"
        },
        {
            "type": "string",
            "name": "createdBy",
            "internal": false,
            "oid": "4c9dddf6-8fab-4585-806c-4d33a0872866",
            "displayLabel": "Created By",
            "historyType": "createdBy"
        },
        {
            "type": "string",
            "name": "lastUpdatedBy",
            "internal": false,
            "oid": "d68b0ebe-5bb2-45f6-941d-9ac2a2eb59e5",
            "displayLabel": "Last Updated By",
            "historyType": "updatedBy"
        },
        {
            "type": "number",
            "name": "versionNumber",
            "internal": false,
            "oid": "a9ddb4f2-f2b0-406e-9b08-96f2a6c9684f",
            "displayLabel": "Version Number",
            "historyType": "versionNumber"
        },
        {
            "type": "string",
            "name": "address1",
            "oid": "c07d3341-f0b2-48a3-b414-0cf8372e5940",
            "displayLabel": "Address1"
        },
        {
            "type": "string",
            "name": "address2",
            "oid": "b861af51-53c6-4e7a-a4ed-e1f9cfd70a6b",
            "displayLabel": "Address2"
        },
        {
            "type": "string",
            "name": "city",
            "oid": "b1e32f8d-5d9c-41d1-83af-8c9e70189c77",
            "displayLabel": "City"
        },
        {
            "type": "string",
            "name": "state",
            "oid": "c3d38ac7-dafa-4fbc-8a2f-b0beace06554",
            "displayLabel": "State"
        },
        {
            "type": "string",
            "name": "country",
            "oid": "5a6e81f6-9ff4-4c9f-951a-65438634309f",
            "displayLabel": "Country"
        },
        {
            "type": "string",
            "name": "zipcode",
            "oid": "bee68ce2-fbe6-43bb-8a59-67fc8fb9478f",
            "displayLabel": "Zipcode"
        },
        {
            "type": "number",
            "name": "employeeId",
            "oid": "7b821330-109f-4641-95bf-38fa38d77327",
            "displayLabel": "Employee Id"
        }
    ],
    "name": "Address",
    "oid": "71ae8a2a-e811-4cba-bd27-3c6fbd753e0b",
    "relationships": [
        {
            "name": "employeeIdObject",
            "reverseRelationship": "addressCollection",
            "targetEntity": "Employee",
            "type": "outgoing",
            "exposeAccessor": true,
            "mappingField": "employeeId",
            "deleteRule": "restrict"
        }
    ],
    "displayLabel": "Address"
}