{
    "fieldValidators": [],
    "objectFunctions": [],
    "objectValidators": [],
    "triggers": [
        {
            "active": "active",
            "description": "An email notification will be sent once an employee is created.",
            "displayName": "SendEmail",
            "lastUpdate": "2024-05-09T09:46:14",
            "oid": "4f40ef28-db5c-469e-aef1-c621c671bd5c",
            "scriptMimeType": "application/x-adf-groovy",
            "triggerEvents": [
                "BeforeInsert"
            ],
            "workflow": {
                "nodeType": "criterion",
                "type": "always",
                "displayName": "Always Execute",
                "outcomes": {
                    "false": {
                        "nodeType": "terminus",
                        "type": "end",
                        "for": "trigger"
                    },
                    "true": {
                        "nodeType": "actionGroup",
                        "displayName": "Action Group",
                        "after": {
                            "nodeType": "terminus",
                            "type": "continue",
                            "for": "criteria"
                        },
                        "methodDefinition": {
                            "typeId": "emailNotification",
                            "archetypeId": "WorkflowPage__EmployeeDetailArchetype",
                            "vars": {
                                "to": "{\"expressionValue\":\"=emailAddress\",\"inputMode\":\"expression\"}",
                                "templateId": "-1",
                                "emailTemplate": "{\"subject\":\"Employee Created Successfully!\",\"body\":\"<p class=\\\"source-code\\\">Hi [[Parameter1]],</p><p class=\\\"source-code\\\">Congratulations, you are onboarded successfully.</p><p class=\\\"source-code\\\">Regards,</p><p class=\\\"source-code\\\">Team</p>\"}",
                                "templateValues": "[{\"expressionValue\":\"=firstName\",\"referenceValue\":\"firstName\",\"inputMode\":\"reference\",\"parameter\":\"Parameter1\"}]",
                                "methodName": "onEmployeeActionGroupExecute",
                                "pageEvent": "actionGroupExecute"
                            },
                            "outcomeHandlers": {}
                        }
                    }
                }
            }
        }
      ],
    "fieldTriggers": []
}