{
    "fields": [
        {
            "type": "number",
            "name": "id",
            "internal": false,
            "key": true,
            "oid": "89c3927c-8e26-485a-8b74-b02379bf2dc4",
            "required": true,
            "unique": true,
            "displayLabel": "Id"
        },
        {
            "type": "datetime",
            "name": "creationDate",
            "internal": false,
            "oid": "b6bf063c-9a88-4cb5-a966-43dd0d49ccef",
            "displayLabel": "Created",
            "historyType": "timeCreated"
        },
        {
            "type": "datetime",
            "name": "lastUpdateDate",
            "internal": false,
            "oid": "048fe4b0-453e-487c-b332-e5d6cc47504c",
            "displayLabel": "Last Updated",
            "historyType": "timeUpdated"
        },
        {
            "type": "string",
            "name": "createdBy",
            "internal": false,
            "oid": "9227fd53-d8ad-43f3-8ef4-07c76cdc2d02",
            "displayLabel": "Created By",
            "historyType": "createdBy"
        },
        {
            "type": "string",
            "name": "lastUpdatedBy",
            "internal": false,
            "oid": "b64d6e1e-9ff1-4acc-a66f-a741acf9415b",
            "displayLabel": "Last Updated By",
            "historyType": "updatedBy"
        },
        {
            "type": "number",
            "name": "versionNumber",
            "internal": false,
            "oid": "f6449361-c03c-485a-9346-9272c9c59ccc",
            "displayLabel": "Version Number",
            "historyType": "versionNumber"
        },
        {
            "type": "string",
            "name": "firstName",
            "oid": "8f46eddf-f279-45d9-b4c0-b01c40aa4ee5",
            "displayLabel": "First Name"
        },
        {
            "type": "string",
            "name": "lastName",
            "oid": "52cd0b5e-009d-42a4-b57e-f7c119f2f069",
            "displayLabel": "Last Name"
        },
        {
            "type": "number",
            "name": "age",
            "oid": "42334acd-d759-4c12-8c63-cb391157e5a3",
            "displayLabel": "Age"
        },
        {
            "type": "string",
            "name": "emailAddress",
            "oid": "05e58403-aec0-4bc0-9508-07c8138c4801",
            "displayLabel": "Email Address",
            "format": "email"
        },
        {
            "type": "string",
            "name": "qualification",
            "oid": "5400ec2f-fc20-47b3-a161-456c64fea6ed",
            "displayLabel": "Qualification"
        },
        {
            "type": "string",
            "name": "contactNumber",
            "oid": "7456e24f-eb99-41e4-bc82-89d598626f7d",
            "displayLabel": "Contact Number"
        },
        {
            "type": "string",
            "formula": {
                "server": {
                    "type": "groovy",
                    "value": "firstName+' '+lastName"
                }
            },
            "name": "fullName",
            "oid": "ea3da34a-a18c-4548-b08a-889d67dc90e1",
            "updatable": false,
            "displayLabel": "Full Name"
        }
    ],
    "name": "Employee",
    "oid": "269a05e2-885f-4543-b355-8d7b76e59783",
    "relationships": [
        {
            "name": "addressCollection",
            "reverseRelationship": "employeeIdObject",
            "targetEntity": "Address",
            "type": "incoming",
            "displayField": "id"
        }
    ],
    "displayLabel": "Employee",
    "triggers": [
        {
            "definition": "// Trigger Beginning \nprintln 'Trigger started: SendEmail, business object: Employee, event: BeforeInsert';\n\ntry {\n\n  // Always Execute Criterion (Always Execute)\n  alwaysExecuteCriterion_1: {\n    // Action Group (Action Group)\n    eMailNotification_1: {\n      def variables = [:];\n      variables[\"Parameter1\"] = String.valueOf(firstName);\n      Email.send(String.valueOf({ emailAddress }()), \"nobody@oracle.com\", \"Employee Created Successfully!\", \"<p class=\\\"source-code\\\">Hi [[Parameter1]],</p><p class=\\\"source-code\\\">Congratulations, you are onboarded successfully.</p><p class=\\\"source-code\\\">Regards,</p><p class=\\\"source-code\\\">Team</p>\", variables);\n    };\n  }\n\n} finally {\n\n  // Trigger End \n  println 'Trigger ended: SendEmail';\n\n}",
            "displayName": "SendEmail",
            "name": "BeforeInsert_Rule_0",
            "refId": "4f40ef28-db5c-469e-aef1-c621c671bd5c",
            "type": "BeforeInsert"
        }
    ]
}